,Features,Avg Inter-Dist,Avg Intra-Dist,Max Dist,Min Dist,Silhouette
0,Traditional,3619.3896988089127,2121.767835570872,7711.586846688507,890.8759935366774,1.7058368206600218
1,AutoEncoder,3619.3896988089127,2121.767835570872,44.15169743833471,6.303277967890382,1.7058368206600218
2,NNCLR,3619.3896988089127,2121.767835570872,3.11415281719639,0.33684549318912693,1.7058368206600218
3,SimCLR,3619.3896988089127,2121.767835570872,5.013606061012795,0.46908428129601515,1.7058368206600218
