,Features,Avg Inter-Dist,Avg Intra-Dist,Max Dist,Min Dist,Silhouette
0,Traditional,3619.389698808912,2121.767835570872,7711.586846688507,890.8759935366772,1.7058368206600214
1,AutoEncoder,24.04497333866131,18.474005609679445,43.4240005965529,7.492247864600074,1.3015571093073048
2,NNCLR,1.4273577597193046,0.6876980654264722,3.251543445240523,0.33993364040167257,2.07555878295824
3,SimCLR,2.087838451853689,0.9388635052527605,4.907380042612757,0.4656997850604025,2.2237933844191784
