,Features,# Mislabeled,Acc,P(mis),P(mis|correct),P(mis|mislabeled)
0,Traditional,163,0.484251968503937,0.515748031496063,0.4577516531961793,1.0
1,Autoencoder,163,0.6568241469816273,0.3431758530183727,0.26451138868479057,1.0
2,NNCLR,163,0.7198162729658792,0.28018372703412076,0.19397501836884642,1.0
3,SimCLR,163,0.6581364829396326,0.34186351706036744,0.2630418809698751,1.0
