,Features,# Mislabeled,Acc,P(mis),P(mis|correct),P(mis|mislabeled)
0,Traditional,152,0.4822834645669291,0.5177165354330708,0.4642857142857143,1.0
1,Autoencoder,152,0.678477690288714,0.3215223097112861,0.24635568513119532,1.0
2,NNCLR,152,0.6863517060367454,0.3136482939632546,0.23760932944606414,1.0
3,SimCLR,152,0.6778215223097113,0.32217847769028873,0.24708454810495628,1.0
