,Features,Acc,F1,Prec,Rec
0,Traditional,0.713254593175853,0.7244104364646009,0.7429335495395822,0.713254593175853
1,Autoencoder,0.8569553805774278,0.8650721361049211,0.8840073049286512,0.8569553805774278
2,NNCLR,0.7250656167979003,0.7310991304282839,0.7447158396160011,0.7250656167979003
3,SimClr,0.69750656167979,0.7002170213499156,0.7146137510649363,0.69750656167979
