,Features,Acc,F1,Prec,Rec
0,Traditional,0.713254593175853,0.7244104364646009,0.7429335495395822,0.713254593175853
1,Autoencoder,0.8300524934383202,0.8368681769228561,0.8545649289332573,0.8300524934383202
2,NNCLR,0.7775590551181102,0.7808442655292699,0.7934348771809548,0.7775590551181102
3,SimClr,0.6850393700787402,0.6927123827119166,0.7122543902723628,0.6850393700787402
