,Features,# Mislabeled,Acc,P(mis),P(mis|correct),P(mis|mislabeled)
0,Traditional,70,0.5347769028871391,0.4652230971128609,0.43947730398899587,1.0
1,Autoencoder,70,0.7611548556430446,0.2388451443569554,0.20220082530949107,1.0
2,NNCLR,70,0.7788713910761155,0.2211286089238845,0.18363136176066025,1.0
3,SimCLR,70,0.7217847769028871,0.2782152230971129,0.24346629986244842,1.0
