,Features,# Mislabeled,Acc,P(mis),P(mis|correct),P(mis|mislabeled)
0,Traditional,78,0.5347769028871391,0.4652230971128609,0.4363762102351314,1.0
1,Autoencoder,78,0.7381889763779528,0.2618110236220472,0.22199170124481327,1.0
2,NNCLR,78,0.7900262467191601,0.2099737532808399,0.1673582295988935,1.0
3,SimCLR,78,0.7171916010498688,0.2828083989501312,0.24412171507607192,1.0
